[
	{
		"text": "Where to go",
        "children": [
            {
                "text": "How about Incredible India? We have vacations in every continent in the world, so you can go wherever your heart leads you – or wherever your bank account can afford, whichever comes first. Just pick up the phone and get in touch today and we'll bring the holiday of your dreams to life. (Please contact your bank manager first.)"
            }
        ]
	},
	{
		"text": "When to travel",
        "children": [
            {
                "text": "If you're looking for a special summer getaway, you should go to United Kingdom and Italy. If you're looking for a cheeky winter break, you should go to United States or Canada. If you're looking for rainy seasons, you shold go to India or Mauritius."
            }
        ]
	},
	{
		"text": "What to pack",
        "children": [
            {
                "text": "What you need to pack depends on where you want to travel, but for hot climates you'll want to pack some high-quality sun cream, mosquito repellant, and perhaps a battery pack for your iPhone so you can take lots of pictures to send back to your friends who are stuck at home. If you're visiting a cold climate, you should pack a large notebook so you can take copious notes of the reasons why visiting a hot climate would have been better."
            }
        ]
	},
	{
		"text": "How to pay",
        "children": [
            {
                "text": "When it comes to paying for your vacation, everyone accept literally every form of payment you can imagine: Apple Pay, Visa, Mastercard, cashiers check, WePay, Alipay, PayPal, Payzone, Applejack, PayU, SagePay, Qiwi, Passport, Pinkie Pie, Atom, Adyen, Amazon Pay, Twilight Sparkle, Paysafe, Payoneer, Paytm, Klarna, and even cash. The only thing we don't accept is Google Pay, for obvious reasons, but come on – we just listed several characters from My Little Pony and you probably didn't even notice because Apple Pay was first on our list."
            }
        ]
	},
	{
		"text": "When to pay",
        "children": [
            {
                "text": "You can either pay the full amount now, put down a 50% deposit now and pay the balance a month before your trip, or put down a 10% deposit now and hope we forget about charging you the rest. Honestly it's all a bit irrelevant given the likelihood of your flight getting cancelled thanks to the coronavirus."
            }
        ]
	},
	{
		"text": "About this app",
        "children": [
            {
                "text": "This app is made by Rajkumar Radadiya. Location section will give you an idea about the best countries of the world and places to travel at the time of vacation. After you choose the palce I have provided the infromation of the palce with it's history and much more. And in this app I provided tips section for tip when you go for visit of that place I mentioned in location section."
            }
        ]
	}
]
